{
	"partitions" : [
		{
			"name" : "Top",
			"pins" : [
				{
					"name" : "TxD",
					"strict" : false
				},
				{
					"name" : "BCD1[0]",
					"strict" : false
				},
				{
					"name" : "BCD2[3]",
					"strict" : false
				},
				{
					"name" : "BCD2[2]",
					"strict" : false
				},
				{
					"name" : "BCD2[1]",
					"strict" : false
				},
				{
					"name" : "BCD2[0]",
					"strict" : false
				},
				{
					"name" : "MSTl[2]",
					"strict" : false
				},
				{
					"name" : "MSTl[1]",
					"strict" : false
				},
				{
					"name" : "MSTl[0]",
					"strict" : false
				},
				{
					"name" : "Recieved_Char[7]",
					"strict" : false
				},
				{
					"name" : "Recieved_Char[6]",
					"strict" : false
				},
				{
					"name" : "Recieved_Char[5]",
					"strict" : false
				},
				{
					"name" : "Recieved_Char[4]",
					"strict" : false
				},
				{
					"name" : "Recieved_Char[3]",
					"strict" : false
				},
				{
					"name" : "Recieved_Char[2]",
					"strict" : false
				},
				{
					"name" : "Recieved_Char[1]",
					"strict" : false
				},
				{
					"name" : "Recieved_Char[0]",
					"strict" : false
				},
				{
					"name" : "SSTL[2]",
					"strict" : false
				},
				{
					"name" : "SSTL[1]",
					"strict" : false
				},
				{
					"name" : "SSTL[0]",
					"strict" : false
				},
				{
					"name" : "GReset",
					"strict" : false
				},
				{
					"name" : "SSC[3]",
					"strict" : false
				},
				{
					"name" : "MSC[3]",
					"strict" : false
				},
				{
					"name" : "SSC[1]",
					"strict" : false
				},
				{
					"name" : "MSC[1]",
					"strict" : false
				},
				{
					"name" : "SSC[2]",
					"strict" : false
				},
				{
					"name" : "MSC[2]",
					"strict" : false
				},
				{
					"name" : "SSC[0]",
					"strict" : false
				},
				{
					"name" : "MSC[0]",
					"strict" : false
				},
				{
					"name" : "SSCS",
					"strict" : false
				},
				{
					"name" : "clock",
					"strict" : false
				},
				{
					"name" : "RxD",
					"strict" : false
				}
			]
		}
	]
}