<?xml version="1.0" ?>
<LOG_ROOT>
	<PROJECT NAME="3lab_qsim">
		<CBX_INST_ENTRY INSTANCE_NAME="|Top_Level|Uart_Interface_FSM:inst|CBR:inst2|mux4to1_8bit:mux_byte4|lpm_mux:Mux7" CBX_FILE_NAME="mux_7qc.tdf"/>
		<CBX_INST_ENTRY INSTANCE_NAME="|Top_Level|UART_System:inst3|address_decoder:inst3|mux4to1_8bit:read_mux|lpm_mux:Mux5" CBX_FILE_NAME="mux_7qc.tdf"/>
		<CBX_INST_ENTRY INSTANCE_NAME="|Top_Level|Uart_Interface_FSM:inst|CBR:inst2|mux4to1_8bit:mux_byte1|lpm_mux:Mux3" CBX_FILE_NAME="mux_7qc.tdf"/>
		<CBX_INST_ENTRY INSTANCE_NAME="|Top_Level|Uart_Interface_FSM:inst|CBR:inst2|mux4to1_8bit:mux_byte4|lpm_mux:Mux0" CBX_FILE_NAME="mux_h6d.tdf"/>
		<CBX_INST_ENTRY INSTANCE_NAME="|Top_Level|Uart_Interface_FSM:inst|CBR:inst2|mux6to1_8bit:mux_byte_select|lpm_mux:Mux3" CBX_FILE_NAME="mux_cqc.tdf"/>
		<CBX_INST_ENTRY INSTANCE_NAME="|Top_Level|UART_System:inst3|address_decoder:inst3|mux4to1_8bit:read_mux|lpm_mux:Mux6" CBX_FILE_NAME="mux_7qc.tdf"/>
		<CBX_INST_ENTRY INSTANCE_NAME="|Top_Level|Uart_Interface_FSM:inst|CBR:inst2|mux4to1_8bit:mux_byte1|lpm_mux:Mux4" CBX_FILE_NAME="mux_7qc.tdf"/>
		<CBX_INST_ENTRY INSTANCE_NAME="|Top_Level|Uart_Interface_FSM:inst|CBR:inst2|mux4to1_8bit:mux_byte4|lpm_mux:Mux1" CBX_FILE_NAME="mux_7qc.tdf"/>
		<CBX_INST_ENTRY INSTANCE_NAME="|Top_Level|Uart_Interface_FSM:inst|CBR:inst2|mux6to1_8bit:mux_byte_select|lpm_mux:Mux4" CBX_FILE_NAME="mux_cqc.tdf"/>
		<CBX_INST_ENTRY INSTANCE_NAME="|Top_Level|UART_System:inst3|BaudRateGenerator:inst|mux_8to1:U_Mux|lpm_mux:Mux0" CBX_FILE_NAME="mux_cqc.tdf"/>
		<CBX_INST_ENTRY INSTANCE_NAME="|Top_Level|UART_System:inst3|address_decoder:inst3|mux4to1_8bit:read_mux|lpm_mux:Mux7" CBX_FILE_NAME="mux_7qc.tdf"/>
		<CBX_INST_ENTRY INSTANCE_NAME="|Top_Level|Uart_Interface_FSM:inst|CBR:inst2|mux4to1_8bit:mux_byte1|lpm_mux:Mux5" CBX_FILE_NAME="mux_7qc.tdf"/>
		<CBX_INST_ENTRY INSTANCE_NAME="|Top_Level|Uart_Interface_FSM:inst|CBR:inst2|mux4to1_8bit:mux_byte4|lpm_mux:Mux2" CBX_FILE_NAME="mux_7qc.tdf"/>
		<CBX_INST_ENTRY INSTANCE_NAME="|Top_Level|Uart_Interface_FSM:inst|CBR:inst2|mux6to1_8bit:mux_byte_select|lpm_mux:Mux5" CBX_FILE_NAME="mux_cqc.tdf"/>
		<CBX_INST_ENTRY INSTANCE_NAME="|Top_Level|UART_System:inst3|address_decoder:inst3|mux4to1_8bit:read_mux|lpm_mux:Mux0" CBX_FILE_NAME="mux_7qc.tdf"/>
		<CBX_INST_ENTRY INSTANCE_NAME="|Top_Level|Uart_Interface_FSM:inst|CBR:inst2|mux4to1_8bit:mux_byte1|lpm_mux:Mux6" CBX_FILE_NAME="mux_7qc.tdf"/>
		<CBX_INST_ENTRY INSTANCE_NAME="|Top_Level|Uart_Interface_FSM:inst|CBR:inst2|mux4to1_8bit:mux_byte4|lpm_mux:Mux3" CBX_FILE_NAME="mux_7qc.tdf"/>
		<CBX_INST_ENTRY INSTANCE_NAME="|Top_Level|Uart_Interface_FSM:inst|CBR:inst2|mux6to1_8bit:mux_byte_select|lpm_mux:Mux6" CBX_FILE_NAME="mux_cqc.tdf"/>
		<CBX_INST_ENTRY INSTANCE_NAME="|Top_Level|UART_System:inst3|address_decoder:inst3|mux4to1_8bit:read_mux|lpm_mux:Mux1" CBX_FILE_NAME="mux_7qc.tdf"/>
		<CBX_INST_ENTRY INSTANCE_NAME="|Top_Level|Uart_Interface_FSM:inst|CBR:inst2|mux4to1_8bit:mux_byte1|lpm_mux:Mux7" CBX_FILE_NAME="mux_7qc.tdf"/>
		<CBX_INST_ENTRY INSTANCE_NAME="|Top_Level|Uart_Interface_FSM:inst|CBR:inst2|mux4to1_8bit:mux_byte4|lpm_mux:Mux4" CBX_FILE_NAME="mux_7qc.tdf"/>
		<CBX_INST_ENTRY INSTANCE_NAME="|Top_Level|Uart_Interface_FSM:inst|CBR:inst2|mux6to1_8bit:mux_byte_select|lpm_mux:Mux7" CBX_FILE_NAME="mux_cqc.tdf"/>
		<CBX_INST_ENTRY INSTANCE_NAME="|Top_Level|UART_System:inst3|address_decoder:inst3|mux4to1_8bit:read_mux|lpm_mux:Mux2" CBX_FILE_NAME="mux_7qc.tdf"/>
		<CBX_INST_ENTRY INSTANCE_NAME="|Top_Level|Uart_Interface_FSM:inst|CBR:inst2|mux4to1_8bit:mux_byte1|lpm_mux:Mux0" CBX_FILE_NAME="mux_h6d.tdf"/>
		<CBX_INST_ENTRY INSTANCE_NAME="|Top_Level|Uart_Interface_FSM:inst|CBR:inst2|mux4to1_8bit:mux_byte4|lpm_mux:Mux5" CBX_FILE_NAME="mux_7qc.tdf"/>
		<CBX_INST_ENTRY INSTANCE_NAME="|Top_Level|Uart_Interface_FSM:inst|CBR:inst2|mux6to1_8bit:mux_byte_select|lpm_mux:Mux0" CBX_FILE_NAME="mux_cqc.tdf"/>
		<CBX_INST_ENTRY INSTANCE_NAME="|Top_Level|UART_System:inst3|address_decoder:inst3|mux4to1_8bit:read_mux|lpm_mux:Mux3" CBX_FILE_NAME="mux_7qc.tdf"/>
		<CBX_INST_ENTRY INSTANCE_NAME="|Top_Level|Uart_Interface_FSM:inst|CBR:inst2|mux4to1_8bit:mux_byte1|lpm_mux:Mux1" CBX_FILE_NAME="mux_7qc.tdf"/>
		<CBX_INST_ENTRY INSTANCE_NAME="|Top_Level|Uart_Interface_FSM:inst|CBR:inst2|mux4to1_8bit:mux_byte4|lpm_mux:Mux6" CBX_FILE_NAME="mux_7qc.tdf"/>
		<CBX_INST_ENTRY INSTANCE_NAME="|Top_Level|Uart_Interface_FSM:inst|CBR:inst2|mux6to1_8bit:mux_byte_select|lpm_mux:Mux1" CBX_FILE_NAME="mux_cqc.tdf"/>
		<CBX_INST_ENTRY INSTANCE_NAME="|Top_Level|UART_System:inst3|address_decoder:inst3|mux4to1_8bit:read_mux|lpm_mux:Mux4" CBX_FILE_NAME="mux_7qc.tdf"/>
		<CBX_INST_ENTRY INSTANCE_NAME="|Top_Level|Uart_Interface_FSM:inst|CBR:inst2|mux4to1_8bit:mux_byte1|lpm_mux:Mux2" CBX_FILE_NAME="mux_7qc.tdf"/>
		<CBX_INST_ENTRY INSTANCE_NAME="|Top_Level|Uart_Interface_FSM:inst|CBR:inst2|mux6to1_8bit:mux_byte_select|lpm_mux:Mux2" CBX_FILE_NAME="mux_cqc.tdf"/>
	</PROJECT>
</LOG_ROOT>
